{
  "title": "title",
  "voters": [
    "Yasushi",
    "Ray",
    "Minori"
  ],
  "policies": [
    {
      "Short": "Bread"
    },
    {
      "Short": "Rice"
    }
  ],
  "votes": {
    "Yasushi": {
      "Minori": 0.18867924528301888,
      "Ray": 0.18867924528301888,
      "Rice": 0.6226415094339622
    },
    "Minori": {
      "Bread": 0.3333333333333333,
      "Yasushi": 0.3333333333333333,
      "Rice": 0.1111111111111111,
      "Ray": 0.2222222222222222
    },
    "Ray": {
      "Minori": 0.4444444444444444,
      "Rice": 0.2222222222222222,
      "Yasushi": 0.16666666666666666,
      "Bread": 0.16666666666666666
    }
  }
}