{
  "title": "",
  "voters": [
    "Ray",
    "Yasushi",
    "Minori"
  ],
  "policies": [
    {
      "Short": "Bread"
    },
    {
      "Short": "Rice"
    }
  ],
  "votes": {
    "Yasushi": {
      "Bread": 0.08333333333333334,
      "Rice": 0.25,
      "Minori": 0.6666666666666667
    },
    "Ray": {
      "Yasushi": 0.21428571428571427,
      "Rice": 0.6428571428571429,
      "Minori": 0.14285714285714285
    }
  }
}