{
  "output": {
    "influence": {
      "Minori": 1.772727272727273,
      "Ray": 1.5503355704697988,
      "Yasushi": 1.7602739726027397
    },
    "votes": {
      "(Blank)": 0.0,
      "Bread": 1.0550694025347012,
      "Rice": 1.9449305974652984
    }
  }
}
