{
  "votes": {
    "Bread": 1.8275000000000001,
    "Rice": 1.1725
  },
  "influence": {
    "Minori": 1.9090909090909094,
    "Yasushi": 1.6041666666666665,
    "Ray": 1.4591836734693877
  }
}
